epoch,time,train/box_loss,train/cls_loss,train/l1_loss,metrics/precision(B),metrics/recall(B),metrics/mAP50(B),metrics/mAP50-95(B),val/box_loss,val/cls_loss,val/l1_loss,lr/pg0,lr/pg1,lr/pg2
1,127.689,0.92439,11.6303,0.00503,0.00333,1,0.0039,0.00262,0.82244,8.60614,0.00488,0.000637681,0.000637681,0.000637681
2,183.093,0.91354,10.05,0.00495,0.00333,1,0.37255,0.21987,1.31253,8.21488,0.00855,0.00130421,0.00130421,0.00130421
3,234.464,1.04583,9.60936,0.00575,0.00333,1,0.82602,0.49909,1.35913,7.95445,0.01118,0.00197016,0.00197016,0.00197016
4,287.142,0.85971,8.69757,0.0047,0.25972,0.66667,0.2863,0.22218,0.77717,6.49275,0.00458,0.00199805,0.00199805,0.00199805
5,335.287,0.84679,8.33204,0.00456,0.11507,0.73333,0.13325,0.09624,1.01305,6.77673,0.00727,0.00199653,0.00199653,0.00199653
6,381.883,0.90939,7.836,0.00499,0.74812,1,0.91831,0.58949,1.23979,5.4012,0.00812,0.00199458,0.00199458,0.00199458
7,426.986,0.82312,7.29911,0.00438,0.78729,0.86667,0.9133,0.63766,1.17255,5.03975,0.00834,0.00199219,0.00199219,0.00199219
8,473.768,0.8471,6.96409,0.00456,0.87774,0.66667,0.82466,0.62837,0.78708,4.70399,0.00516,0.00198938,0.00198938,0.00198938
9,519.728,0.71935,6.4024,0.00377,0.87828,0.96303,0.97861,0.75053,0.89908,4.11811,0.00559,0.00198614,0.00198614,0.00198614
10,565.584,0.77915,6.09914,0.00431,0.83,0.97735,0.9531,0.61844,1.17163,4.28087,0.00842,0.00198246,0.00198246,0.00198246
11,611.642,0.91153,5.9687,0.00497,0.94236,0.8,0.95529,0.75257,0.72171,3.66562,0.00441,0.00197837,0.00197837,0.00197837
12,657.496,0.80162,5.51525,0.00431,0.92854,0.86628,0.96862,0.80003,0.74124,3.44629,0.00445,0.00197384,0.00197384,0.00197384
13,703.436,0.69333,5.16102,0.00376,0.92229,0.79186,0.93297,0.70042,0.99773,3.58554,0.00666,0.0019689,0.0019689,0.0019689
14,749.053,0.70973,4.94268,0.00382,1,0.78194,0.94675,0.68725,1.06691,3.49221,0.00704,0.00196353,0.00196353,0.00196353
15,794.713,0.71582,4.69781,0.00385,0.8648,0.85362,0.9483,0.7325,0.89594,3.10505,0.00605,0.00195775,0.00195775,0.00195775
16,840.037,0.82632,4.46624,0.00451,0.8788,0.96779,0.97971,0.80503,0.84607,3.20195,0.00546,0.00195155,0.00195155,0.00195155
17,885.415,0.87097,4.41371,0.00478,0.87821,0.93333,0.9777,0.79475,0.8092,3.00743,0.00528,0.00194493,0.00194493,0.00194493
18,930.852,0.79614,4.08985,0.00436,0.9113,0.93333,0.97319,0.79358,0.85928,2.7247,0.00493,0.00193791,0.00193791,0.00193791
19,976.585,0.72828,3.82235,0.00391,0.93723,0.99574,0.99125,0.77849,0.93085,2.57188,0.00583,0.00193048,0.00193048,0.00193048
20,1022.59,0.60248,3.58125,0.00316,0.93194,0.91381,0.98033,0.76241,0.8871,2.51752,0.0057,0.00192264,0.00192264,0.00192264
21,1072.7,0.64085,3.39057,0.00349,0.98608,0.93333,0.99125,0.86918,0.59075,2.29482,0.00396,0.00191441,0.00191441,0.00191441
22,1120.36,0.59021,3.185,0.00313,0.91643,1,0.99125,0.7104,1.11754,2.34327,0.00718,0.00190578,0.00190578,0.00190578
23,1164.56,0.69775,3.10056,0.00381,1,0.92494,0.99125,0.80516,0.83737,2.15967,0.005,0.00189675,0.00189675,0.00189675
24,1210.55,0.68369,2.94445,0.00366,0.98546,1,0.995,0.70725,1.18739,2.16568,0.00793,0.00188734,0.00188734,0.00188734
25,1256.2,0.66526,2.81384,0.00355,0.99914,0.93333,0.98794,0.83893,0.69482,1.88311,0.00464,0.00187754,0.00187754,0.00187754
26,1302.25,0.63896,2.68602,0.00336,1,0.92754,0.98794,0.884,0.55197,1.78235,0.00366,0.00186737,0.00186737,0.00186737
27,1348.35,0.56214,2.46999,0.00297,1,0.93209,0.98794,0.86714,0.6201,1.76192,0.00376,0.00185681,0.00185681,0.00185681
28,1394.41,0.62351,2.39703,0.00337,1,0.90866,0.98794,0.84344,0.61845,1.74236,0.00398,0.00184588,0.00184588,0.00184588
29,1439.59,0.56992,2.2539,0.00299,1,0.93166,0.99125,0.91602,0.46442,1.5281,0.00316,0.00183459,0.00183459,0.00183459
30,1486,0.54133,2.15885,0.00285,0.93581,0.97295,0.98688,0.89098,0.51593,1.49738,0.00347,0.00182294,0.00182294,0.00182294
31,1531.5,0.59485,2.07082,0.00317,1,0.92497,0.99125,0.88718,0.52861,1.42874,0.0033,0.00181093,0.00181093,0.00181093
32,1577.21,0.72958,2.0419,0.00391,0.92746,1,0.98688,0.88217,0.56613,1.4166,0.00359,0.00179856,0.00179856,0.00179856
33,1623.53,0.7518,1.99627,0.00423,0.99425,1,0.995,0.77286,0.96035,1.43901,0.0065,0.00178586,0.00178586,0.00178586
34,1669.81,0.8299,1.94753,0.00466,0.99193,1,0.995,0.86511,0.65114,1.27821,0.00445,0.00177281,0.00177281,0.00177281
35,1715.49,0.77664,1.82868,0.00414,0.93703,0.99255,0.99125,0.87172,0.51188,1.28514,0.00313,0.00175943,0.00175943,0.00175943
36,1760.43,0.92612,1.83473,0.00498,0.93213,0.91644,0.98033,0.86123,0.5697,1.27591,0.00344,0.00174571,0.00174571,0.00174571
37,1805.68,0.65196,1.67032,0.00355,0.99987,0.93333,0.98794,0.82402,0.71873,1.32059,0.00408,0.00173168,0.00173168,0.00173168
38,1851.9,0.7946,1.69967,0.00414,0.97014,1,0.995,0.75509,1.10977,1.33946,0.00715,0.00171733,0.00171733,0.00171733
39,1897.53,0.91223,1.66496,0.00492,1,0.93174,0.995,0.75984,1.02517,1.30316,0.00678,0.00170267,0.00170267,0.00170267
40,1943.99,0.66861,1.49067,0.00355,0.99538,0.86667,0.97625,0.89174,0.46002,1.12926,0.00274,0.0016877,0.0016877,0.0016877
41,1990.59,0.63491,1.45969,0.00342,1,0.86529,0.97971,0.8852,0.52906,1.10766,0.00316,0.00167244,0.00167244,0.00167244
42,2036.73,0.64483,1.39795,0.00345,0.93675,0.98799,0.98688,0.89208,0.52614,1.03371,0.00307,0.00165689,0.00165689,0.00165689
43,2083.52,0.50921,1.24981,0.00269,0.92957,1,0.98688,0.86507,0.64579,0.97284,0.00401,0.00164105,0.00164105,0.00164105
44,2130.15,0.47304,1.23234,0.0025,0.92996,1,0.99125,0.87565,0.59335,0.93562,0.00377,0.00162494,0.00162494,0.00162494
45,2177.07,0.57987,1.20991,0.00309,0.99474,1,0.995,0.83742,0.72689,0.88405,0.00475,0.00160855,0.00160855,0.00160855
46,2223.81,0.57834,1.18388,0.00312,0.99491,1,0.995,0.90218,0.42592,0.77444,0.00261,0.00159191,0.00159191,0.00159191
47,2272.58,0.65609,1.15017,0.00345,0.99695,1,0.995,0.89823,0.48115,0.74489,0.0029,0.00157501,0.00157501,0.00157501
48,2326.32,0.50395,1.07968,0.00263,0.9981,1,0.995,0.83341,0.69735,0.79174,0.0046,0.00155786,0.00155786,0.00155786
49,2372.01,0.52011,1.01534,0.0028,0.9981,1,0.995,0.82282,0.7393,0.80684,0.00506,0.00154047,0.00154047,0.00154047
50,2418.54,0.45212,0.98056,0.00236,0.97379,0.93333,0.98794,0.84844,0.65338,0.79929,0.00419,0.00152285,0.00152285,0.00152285
51,2464.4,0.42445,0.87996,0.00222,1,0.96853,0.995,0.88564,0.49882,0.73153,0.00303,0.001505,0.001505,0.001505
52,2510.46,0.58063,0.9696,0.00315,0.99295,1,0.995,0.89542,0.50973,0.70885,0.00314,0.00148694,0.00148694,0.00148694
53,2556.12,0.52265,0.88445,0.00271,0.98889,1,0.995,0.81579,0.71938,0.77262,0.00467,0.00146866,0.00146866,0.00146866
54,2603.47,0.45363,0.85499,0.00242,0.99204,1,0.995,0.78738,0.89647,0.75589,0.00572,0.00145019,0.00145019,0.00145019
55,2649.05,0.47645,0.82009,0.00252,0.99451,1,0.995,0.77735,0.90822,0.7403,0.0057,0.00143152,0.00143152,0.00143152
56,2694.8,0.46713,0.81651,0.00242,0.99538,1,0.995,0.90892,0.4511,0.56569,0.00271,0.00141267,0.00141267,0.00141267
57,2740.44,0.73268,0.84717,0.00374,0.99558,1,0.995,0.88409,0.59387,0.58123,0.00358,0.00139364,0.00139364,0.00139364
58,2786.53,0.68351,0.80856,0.00365,0.99738,1,0.995,0.88565,0.52016,0.55829,0.00308,0.00137444,0.00137444,0.00137444
59,2832.56,0.49324,0.7209,0.00255,0.99619,1,0.995,0.90184,0.45984,0.57796,0.00289,0.00135509,0.00135509,0.00135509
