source_relative_path	public_relative_path	publication_status
06_pixel_to_robot\FINAL_ARUCO_V3_REFERENCE\aruco_FINAL_BENCHMARK_V3_LOCATION1.py	aruco\final\controllers\aruco_FINAL_BENCHMARK_V3_LOCATION1.py	removed_public_safety_boundary
06_pixel_to_robot\FINAL_ARUCO_V3_REFERENCE\aruco_FINAL_BENCHMARK_V3_LOCATION2.py	aruco\final\controllers\aruco_FINAL_BENCHMARK_V3_LOCATION2.py	removed_public_safety_boundary
06_pixel_to_robot\FINAL_ARUCO_V3_REFERENCE\aruco_FINAL_BENCHMARK_V3_LOCATION3.py	aruco\final\controllers\aruco_FINAL_BENCHMARK_V3_LOCATION3.py	removed_public_safety_boundary
06_pixel_to_robot\FINAL_ARUCO_V3_REFERENCE\aruco_FINAL_BENCHMARK_V3_LOCATION4.py	aruco\final\controllers\aruco_FINAL_BENCHMARK_V3_LOCATION4.py	removed_public_safety_boundary
06_pixel_to_robot\FINAL_ARUCO_V3_REFERENCE\aruco_FINAL_BENCHMARK_V3_LOCATION5.py	aruco\final\controllers\aruco_FINAL_BENCHMARK_V3_LOCATION5.py	removed_public_safety_boundary
04_calibration\calibrate_camera.py	calibration\camera\calibrate_camera.py	included_byte_identical
04_calibration\camera_intrinsics\camera_calibration.json	calibration\camera\camera_calibration.json	included_byte_identical
04_calibration\camera_intrinsics\camera_calibration.npz	calibration\camera\camera_calibration.npz	included_byte_identical
04_calibration\test_undistortion.py	calibration\camera\test_undistortion.py	included_byte_identical
06_pixel_to_robot\build_day07_mapping.py	mapping\final\build_day07_mapping.py	included_byte_identical
06_pixel_to_robot\pixel_to_joint_model_day07.json	mapping\final\pixel_to_joint_model_day07.json	included_byte_identical
06_pixel_to_robot\validate_day07_mapping.py	mapping\final\validate_day07_mapping.py	included_byte_identical
06_pixel_to_robot\workspace_calibration_points_DAY07_FINAL_9PTS_BACKUP.json	mapping\final\workspace_calibration_points_day07_9pts.json	included_byte_identical
06_pixel_to_robot\FINAL_ARUCO_V3_REFERENCE\analyze_final_aruco_benchmark.py	results\aruco\analyze_final_aruco_benchmark.py	included_byte_identical
06_pixel_to_robot\FINAL_ARUCO_V3_REFERENCE\aruco_final_benchmark_v3\location_1_lower_left\aruco_trial_20260817_224838.json	results\aruco\aruco_final_benchmark_v3\location_1_lower_left\aruco_trial_20260817_224838.json	included_byte_identical
06_pixel_to_robot\FINAL_ARUCO_V3_REFERENCE\aruco_final_benchmark_v3\location_1_lower_left\aruco_trial_20260817_225359.json	results\aruco\aruco_final_benchmark_v3\location_1_lower_left\aruco_trial_20260817_225359.json	included_byte_identical
06_pixel_to_robot\FINAL_ARUCO_V3_REFERENCE\aruco_final_benchmark_v3\location_1_lower_left\aruco_trial_20260817_225902.json	results\aruco\aruco_final_benchmark_v3\location_1_lower_left\aruco_trial_20260817_225902.json	included_byte_identical
06_pixel_to_robot\FINAL_ARUCO_V3_REFERENCE\aruco_final_benchmark_v3\location_1_lower_left\aruco_trial_20260817_230428.json	results\aruco\aruco_final_benchmark_v3\location_1_lower_left\aruco_trial_20260817_230428.json	included_byte_identical
06_pixel_to_robot\FINAL_ARUCO_V3_REFERENCE\aruco_final_benchmark_v3\location_2_upper_left\aruco_trial_20260817_221847.json	results\aruco\aruco_final_benchmark_v3\location_2_upper_left\aruco_trial_20260817_221847.json	included_byte_identical
06_pixel_to_robot\FINAL_ARUCO_V3_REFERENCE\aruco_final_benchmark_v3\location_2_upper_left\aruco_trial_20260817_222855.json	results\aruco\aruco_final_benchmark_v3\location_2_upper_left\aruco_trial_20260817_222855.json	included_byte_identical
06_pixel_to_robot\FINAL_ARUCO_V3_REFERENCE\aruco_final_benchmark_v3\location_2_upper_left\aruco_trial_20260817_223540.json	results\aruco\aruco_final_benchmark_v3\location_2_upper_left\aruco_trial_20260817_223540.json	included_byte_identical
06_pixel_to_robot\FINAL_ARUCO_V3_REFERENCE\aruco_final_benchmark_v3\location_2_upper_left\aruco_trial_20260817_224118.json	results\aruco\aruco_final_benchmark_v3\location_2_upper_left\aruco_trial_20260817_224118.json	included_byte_identical
06_pixel_to_robot\FINAL_ARUCO_V3_REFERENCE\aruco_final_benchmark_v3\location_3_center\aruco_trial_20260817_231446.json	results\aruco\aruco_final_benchmark_v3\location_3_center\aruco_trial_20260817_231446.json	included_byte_identical
06_pixel_to_robot\FINAL_ARUCO_V3_REFERENCE\aruco_final_benchmark_v3\location_3_center\aruco_trial_20260817_232022.json	results\aruco\aruco_final_benchmark_v3\location_3_center\aruco_trial_20260817_232022.json	included_byte_identical
06_pixel_to_robot\FINAL_ARUCO_V3_REFERENCE\aruco_final_benchmark_v3\location_3_center\aruco_trial_20260817_232549.json	results\aruco\aruco_final_benchmark_v3\location_3_center\aruco_trial_20260817_232549.json	included_byte_identical
06_pixel_to_robot\FINAL_ARUCO_V3_REFERENCE\aruco_final_benchmark_v3\location_3_center\aruco_trial_20260817_233150.json	results\aruco\aruco_final_benchmark_v3\location_3_center\aruco_trial_20260817_233150.json	included_byte_identical
06_pixel_to_robot\FINAL_ARUCO_V3_REFERENCE\aruco_final_benchmark_v3\location_4_upper_right\aruco_trial_20260817_234250.json	results\aruco\aruco_final_benchmark_v3\location_4_upper_right\aruco_trial_20260817_234250.json	included_byte_identical
06_pixel_to_robot\FINAL_ARUCO_V3_REFERENCE\aruco_final_benchmark_v3\location_4_upper_right\aruco_trial_20260817_234825.json	results\aruco\aruco_final_benchmark_v3\location_4_upper_right\aruco_trial_20260817_234825.json	included_byte_identical
06_pixel_to_robot\FINAL_ARUCO_V3_REFERENCE\aruco_final_benchmark_v3\location_4_upper_right\aruco_trial_20260817_235452.json	results\aruco\aruco_final_benchmark_v3\location_4_upper_right\aruco_trial_20260817_235452.json	included_byte_identical
06_pixel_to_robot\FINAL_ARUCO_V3_REFERENCE\aruco_final_benchmark_v3\location_4_upper_right\aruco_trial_20260818_000219.json	results\aruco\aruco_final_benchmark_v3\location_4_upper_right\aruco_trial_20260818_000219.json	included_byte_identical
06_pixel_to_robot\FINAL_ARUCO_V3_REFERENCE\aruco_final_benchmark_v3\location_5_lower_right\aruco_trial_20260818_000932.json	results\aruco\aruco_final_benchmark_v3\location_5_lower_right\aruco_trial_20260818_000932.json	included_byte_identical
06_pixel_to_robot\FINAL_ARUCO_V3_REFERENCE\aruco_final_benchmark_v3\location_5_lower_right\aruco_trial_20260818_001623.json	results\aruco\aruco_final_benchmark_v3\location_5_lower_right\aruco_trial_20260818_001623.json	included_byte_identical
06_pixel_to_robot\FINAL_ARUCO_V3_REFERENCE\aruco_final_benchmark_v3\location_5_lower_right\aruco_trial_20260818_002148.json	results\aruco\aruco_final_benchmark_v3\location_5_lower_right\aruco_trial_20260818_002148.json	included_byte_identical
06_pixel_to_robot\FINAL_ARUCO_V3_REFERENCE\aruco_final_benchmark_v3\location_5_lower_right\aruco_trial_20260818_002803.json	results\aruco\aruco_final_benchmark_v3\location_5_lower_right\aruco_trial_20260818_002803.json	included_byte_identical
06_pixel_to_robot\FINAL_ARUCO_V3_REFERENCE\aruco_final_benchmark_v3\summary\aruco_final_benchmark_v3_summary.json	results\aruco\aruco_final_benchmark_v3\summary\aruco_final_benchmark_v3_summary.json	included_byte_identical
06_pixel_to_robot\FINAL_ARUCO_V3_REFERENCE\aruco_final_benchmark_v3\summary\aruco_final_benchmark_v3_summary.txt	results\aruco\aruco_final_benchmark_v3\summary\aruco_final_benchmark_v3_summary.txt	included_byte_identical
06_pixel_to_robot\FINAL_ARUCO_V3_REFERENCE\aruco_final_benchmark_v3\summary\aruco_final_benchmark_v3_trials.csv	results\aruco\aruco_final_benchmark_v3\summary\aruco_final_benchmark_v3_trials.csv	included_byte_identical
07_comparison\summary\aruco_vs_yolo_comparison.json	results\comparison\aruco_vs_yolo_comparison.json	included_byte_identical
07_comparison\summary\aruco_vs_yolo_comparison.txt	results\comparison\aruco_vs_yolo_comparison.txt	included_byte_identical
07_comparison\summary\aruco_vs_yolo_trials.csv	results\comparison\aruco_vs_yolo_trials.csv	included_byte_identical
07_comparison\compare_aruco_vs_yolo.py	results\comparison\compare_aruco_vs_yolo.py	included_byte_identical
06_pixel_to_robot\day07_mapping_visualization.jpg	results\figures\day07_mapping_visualization.jpg	included_byte_identical
06_yolo\10_yolo_benchmark_record_promoter.py	results\yolo\10_yolo_benchmark_record_promoter.py	included_byte_identical
06_yolo\11_analyze_final_yolo_benchmark.py	results\yolo\11_analyze_final_yolo_benchmark.py	included_byte_identical
06_yolo\yolo_final_benchmark\location_1_lower_left\yolo_L1_trial_01.json	results\yolo\yolo_final_benchmark\location_1_lower_left\yolo_L1_trial_01.json	included_byte_identical
06_yolo\yolo_final_benchmark\location_1_lower_left\yolo_L1_trial_02.json	results\yolo\yolo_final_benchmark\location_1_lower_left\yolo_L1_trial_02.json	included_byte_identical
06_yolo\yolo_final_benchmark\location_1_lower_left\yolo_L1_trial_03.json	results\yolo\yolo_final_benchmark\location_1_lower_left\yolo_L1_trial_03.json	included_byte_identical
06_yolo\yolo_final_benchmark\location_1_lower_left\yolo_L1_trial_04.json	results\yolo\yolo_final_benchmark\location_1_lower_left\yolo_L1_trial_04.json	included_byte_identical
06_yolo\yolo_final_benchmark\location_2_upper_left\yolo_L2_trial_01.json	results\yolo\yolo_final_benchmark\location_2_upper_left\yolo_L2_trial_01.json	included_byte_identical
06_yolo\yolo_final_benchmark\location_2_upper_left\yolo_L2_trial_02.json	results\yolo\yolo_final_benchmark\location_2_upper_left\yolo_L2_trial_02.json	included_byte_identical
06_yolo\yolo_final_benchmark\location_2_upper_left\yolo_L2_trial_03.json	results\yolo\yolo_final_benchmark\location_2_upper_left\yolo_L2_trial_03.json	included_byte_identical
06_yolo\yolo_final_benchmark\location_2_upper_left\yolo_L2_trial_04.json	results\yolo\yolo_final_benchmark\location_2_upper_left\yolo_L2_trial_04.json	included_byte_identical
06_yolo\yolo_final_benchmark\location_3_center\yolo_L3_trial_01.json	results\yolo\yolo_final_benchmark\location_3_center\yolo_L3_trial_01.json	included_byte_identical
06_yolo\yolo_final_benchmark\location_3_center\yolo_L3_trial_02.json	results\yolo\yolo_final_benchmark\location_3_center\yolo_L3_trial_02.json	included_byte_identical
06_yolo\yolo_final_benchmark\location_3_center\yolo_L3_trial_03.json	results\yolo\yolo_final_benchmark\location_3_center\yolo_L3_trial_03.json	included_byte_identical
06_yolo\yolo_final_benchmark\location_3_center\yolo_L3_trial_04.json	results\yolo\yolo_final_benchmark\location_3_center\yolo_L3_trial_04.json	included_byte_identical
06_yolo\yolo_final_benchmark\location_4_upper_right\yolo_L4_trial_01.json	results\yolo\yolo_final_benchmark\location_4_upper_right\yolo_L4_trial_01.json	included_byte_identical
06_yolo\yolo_final_benchmark\location_4_upper_right\yolo_L4_trial_02.json	results\yolo\yolo_final_benchmark\location_4_upper_right\yolo_L4_trial_02.json	included_byte_identical
06_yolo\yolo_final_benchmark\location_4_upper_right\yolo_L4_trial_03.json	results\yolo\yolo_final_benchmark\location_4_upper_right\yolo_L4_trial_03.json	included_byte_identical
06_yolo\yolo_final_benchmark\location_4_upper_right\yolo_L4_trial_04.json	results\yolo\yolo_final_benchmark\location_4_upper_right\yolo_L4_trial_04.json	included_byte_identical
06_yolo\yolo_final_benchmark\location_5_lower_right\yolo_L5_trial_01.json	results\yolo\yolo_final_benchmark\location_5_lower_right\yolo_L5_trial_01.json	included_byte_identical
06_yolo\yolo_final_benchmark\location_5_lower_right\yolo_L5_trial_02.json	results\yolo\yolo_final_benchmark\location_5_lower_right\yolo_L5_trial_02.json	included_byte_identical
06_yolo\yolo_final_benchmark\location_5_lower_right\yolo_L5_trial_03.json	results\yolo\yolo_final_benchmark\location_5_lower_right\yolo_L5_trial_03.json	included_byte_identical
06_yolo\yolo_final_benchmark\location_5_lower_right\yolo_L5_trial_04.json	results\yolo\yolo_final_benchmark\location_5_lower_right\yolo_L5_trial_04.json	included_byte_identical
06_yolo\yolo_final_benchmark\summary\yolo_final_benchmark_summary.json	results\yolo\yolo_final_benchmark\summary\yolo_final_benchmark_summary.json	included_byte_identical
06_yolo\yolo_final_benchmark\summary\yolo_final_benchmark_summary.txt	results\yolo\yolo_final_benchmark\summary\yolo_final_benchmark_summary.txt	included_byte_identical
06_yolo\yolo_final_benchmark\summary\yolo_final_benchmark_trials.csv	results\yolo\yolo_final_benchmark\summary\yolo_final_benchmark_trials.csv	included_byte_identical
06_yolo\04_five_location_stability_check.py	yolo\evaluation\04_five_location_stability_check.py	included_byte_identical
06_yolo\05_false_positive_diagnostic.py	yolo\evaluation\05_false_positive_diagnostic.py	included_byte_identical
06_yolo\05_yolo_grasp_point_validation.py	yolo\evaluation\05_yolo_grasp_point_validation.py	included_byte_identical
06_yolo\PRE_PHYSICAL_VALIDATION_CHECKPOINT.txt	yolo\evaluation\PRE_PHYSICAL_VALIDATION_CHECKPOINT.txt	included_byte_identical
06_yolo\FINAL_YOLO_REFERENCE\calibration\camera_calibration.npz	yolo\final\calibration\camera_calibration.npz	included_byte_identical
06_yolo\FINAL_YOLO_REFERENCE\FINAL_YOLO_FREEZE_MANIFEST.txt	yolo\final\FINAL_YOLO_FREEZE_MANIFEST.txt	included_byte_identical
06_yolo\FINAL_YOLO_REFERENCE\mapping\aruco_FINAL_BENCHMARK_V3_LOCATION1.py	yolo\final\mapping\aruco_FINAL_BENCHMARK_V3_LOCATION1.py	removed_public_safety_boundary
06_yolo\FINAL_YOLO_REFERENCE\mapping\pixel_to_joint_model_day07.json	yolo\final\mapping\pixel_to_joint_model_day07.json	included_byte_identical
06_yolo\FINAL_YOLO_REFERENCE\model\best.pt	yolo\final\model\best.pt	included_byte_identical
06_yolo\FINAL_YOLO_REFERENCE\poses\final_waypoints\box_high_clearance_final.json	yolo\final\poses\final_waypoints\box_high_clearance_final.json	included_byte_identical
06_yolo\FINAL_YOLO_REFERENCE\poses\final_waypoints\box_low_release_final.json	yolo\final\poses\final_waypoints\box_low_release_final.json	included_byte_identical
06_yolo\FINAL_YOLO_REFERENCE\poses\final_waypoints\safe_rest_final.json	yolo\final\poses\final_waypoints\safe_rest_final.json	included_byte_identical
06_yolo\FINAL_YOLO_REFERENCE\poses\source_anchors\left_interp_above_v1.json	yolo\final\poses\source_anchors\left_interp_above_v1.json	included_byte_identical
06_yolo\FINAL_YOLO_REFERENCE\poses\source_anchors\left_interp_grasp_v1.json	yolo\final\poses\source_anchors\left_interp_grasp_v1.json	included_byte_identical
06_yolo\FINAL_YOLO_REFERENCE\poses\source_anchors\lower_center_above_cube_v1.json	yolo\final\poses\source_anchors\lower_center_above_cube_v1.json	included_byte_identical
06_yolo\FINAL_YOLO_REFERENCE\poses\source_anchors\lower_center_grasp_v1.json	yolo\final\poses\source_anchors\lower_center_grasp_v1.json	included_byte_identical
06_yolo\FINAL_YOLO_REFERENCE\poses\source_anchors\lower_left_above_cube_v2.json	yolo\final\poses\source_anchors\lower_left_above_cube_v2.json	included_byte_identical
06_yolo\FINAL_YOLO_REFERENCE\poses\source_anchors\lower_left_grasp_v3.json	yolo\final\poses\source_anchors\lower_left_grasp_v3.json	included_byte_identical
06_yolo\FINAL_YOLO_REFERENCE\poses\source_anchors\lower_right_above_cube_v1.json	yolo\final\poses\source_anchors\lower_right_above_cube_v1.json	included_byte_identical
06_yolo\FINAL_YOLO_REFERENCE\poses\source_anchors\lower_right_grasp_v1.json	yolo\final\poses\source_anchors\lower_right_grasp_v1.json	included_byte_identical
06_yolo\FINAL_YOLO_REFERENCE\poses\source_anchors\mid_left_above_cube_v2.json	yolo\final\poses\source_anchors\mid_left_above_cube_v2.json	included_byte_identical
06_yolo\FINAL_YOLO_REFERENCE\poses\source_anchors\mid_left_grasp_v2.json	yolo\final\poses\source_anchors\mid_left_grasp_v2.json	included_byte_identical
06_yolo\FINAL_YOLO_REFERENCE\poses\source_anchors\mid_right_above_cube_v1.json	yolo\final\poses\source_anchors\mid_right_above_cube_v1.json	included_byte_identical
06_yolo\FINAL_YOLO_REFERENCE\poses\source_anchors\mid_right_grasp_v1.json	yolo\final\poses\source_anchors\mid_right_grasp_v1.json	included_byte_identical
06_yolo\FINAL_YOLO_REFERENCE\poses\source_anchors\upper_left_above_cube_v1.json	yolo\final\poses\source_anchors\upper_left_above_cube_v1.json	included_byte_identical
06_yolo\FINAL_YOLO_REFERENCE\poses\source_anchors\upper_left_grasp_v2.json	yolo\final\poses\source_anchors\upper_left_grasp_v2.json	included_byte_identical
06_yolo\FINAL_YOLO_REFERENCE\poses\source_anchors\upper_mid_interp_above_v1.json	yolo\final\poses\source_anchors\upper_mid_interp_above_v1.json	included_byte_identical
06_yolo\FINAL_YOLO_REFERENCE\poses\source_anchors\upper_mid_interp_grasp_v1.json	yolo\final\poses\source_anchors\upper_mid_interp_grasp_v1.json	included_byte_identical
06_yolo\FINAL_YOLO_REFERENCE\python\03_live_cube_detection.py	yolo\final\python\03_live_cube_detection.py	included_byte_identical
06_yolo\FINAL_YOLO_REFERENCE\python\04_yolo_mapping_dry_run.py	yolo\final\python\04_yolo_mapping_dry_run.py	included_byte_identical
06_yolo\FINAL_YOLO_REFERENCE\python\06_yolo_final_perception_mapping.py	yolo\final\python\06_yolo_final_perception_mapping.py	included_byte_identical
06_yolo\FINAL_YOLO_REFERENCE\python\07_yolo_controlled_grasp_dry_run.py	yolo\final\python\07_yolo_controlled_grasp_dry_run.py	included_byte_identical
06_yolo\FINAL_YOLO_REFERENCE\python\09_yolo_full_pick_and_place_candidate.py	yolo\final\python\09_yolo_full_pick_and_place_candidate.py	removed_public_safety_boundary
06_yolo\01_capture_cube_dataset.py	yolo\training\01_capture_cube_dataset.py	included_byte_identical
06_yolo\02_annotate_cube_dataset.py	yolo\training\02_annotate_cube_dataset.py	included_byte_identical
06_yolo\runs\cube_yolo26n_run1\args.yaml	yolo\training\args.yaml	included_byte_identical
06_yolo\dataset\cube_dataset.yaml	yolo\training\cube_dataset.yaml	included_byte_identical
06_yolo\runs\cube_yolo26n_run1\results.csv	yolo\training\results.csv	included_byte_identical
06_yolo\dataset\split_manifest.json	yolo\training\split_manifest.json	included_byte_identical
