repository_path	source_path	bytes	sha256	role
aruco/benchmark_controllers/location_01.py	06_pixel_to_robot/aruco_FINAL_BENCHMARK_V3_LOCATION1.py	62693	209cbe4b0def1eb2b569475dc3f9e3a4aad81bd7bc56617a1f9f056c607966ac	Official ArUco benchmark controller
aruco/benchmark_controllers/location_02.py	06_pixel_to_robot/aruco_FINAL_BENCHMARK_V3_LOCATION2.py	62693	582b178f6ebd8d8e7354afc59c7dac27d7fdbcbfa8292ceddcf2165baa010710	Official ArUco benchmark controller
aruco/benchmark_controllers/location_03.py	06_pixel_to_robot/aruco_FINAL_BENCHMARK_V3_LOCATION3.py	62681	8ecf4588939e655d8cf99534e39ec4d0af2f63b25edafe459b1085b9026b1358	Official ArUco benchmark controller
aruco/benchmark_controllers/location_04.py	06_pixel_to_robot/aruco_FINAL_BENCHMARK_V3_LOCATION4.py	62696	462d99a1727aefd7aba4604c69030edefc90ffbe10dce6c0c5bc29d3d750c4a4	Official ArUco benchmark controller
aruco/benchmark_controllers/location_05.py	06_pixel_to_robot/aruco_FINAL_BENCHMARK_V3_LOCATION5.py	62696	92a942b2a12c6d6c40f4cf34d1c0e38fa1cb75aa8af6bccd478d4adc6aa4d3b6	Official ArUco benchmark controller
yolo/benchmark_controller.py	06_yolo/09_yolo_full_pick_and_place_candidate.py	24039	8eb4fa72003b5af379aa443fdf6f74bfa72ab06d10cbb7ee5bca39d6ac380ac0	Official YOLO full-cycle controller
yolo/model/best.pt	06_yolo/runs/cube_yolo26n_run1/weights/best.pt	5364357	32c32fcef42b92a5ed3fd37f0023281251fbe50d94342af65ad6614592bff7c6	Trained detector weights
mapping/calibration_points.json	06_pixel_to_robot/workspace_calibration_points_DAY07_FINAL_9PTS_BACKUP.json	10218	e0c978c66156134face471cd931cee578195028c063347d3ed2d1cba6b6f1ff5	Nine-point mapping calibration
mapping/pixel_to_joint_model.json	06_pixel_to_robot/pixel_to_joint_model_day07.json	5165	834dbc0cca8aa04704fd12ee3a9e487a8b6421997c2295ec7998f2866f18588f	Frozen barycentric model
calibration/camera/camera_calibration.npz	04_calibration/camera_intrinsics/camera_calibration.npz	1480	83e4b27e554acbb32b525487bbc2fb5acca8c974806026f7c3e2397ab70cb632	Runtime camera calibration
calibration/robot/white_follower_calibration_final_2026-07-26.json	04_calibration/white_follower_calibration_final_2026-07-26.json	960	388231a7db9ff7f17da0951548962cc971428904515851487be94eefa5716857	Experimental robot calibration
