benchmark_method,benchmark_location_number,benchmark_location_name,benchmark_trial_number,timestamp_start,timestamp_end,bbox_center_x_px,bbox_center_y_px,bbox_nominal_x_px,bbox_nominal_y_px,bbox_distance_from_nominal_px,grasp_point_x_px,grasp_point_y_px,grasp_nominal_x_px,grasp_nominal_y_px,grasp_distance_from_nominal_px,mapping_triangle,correction_mode,dynamic_hold_margin,dynamic_hold_cap,retention_policy,grip_contact_accepted,grip_requested_command,grip_actual_position,grip_hold_command,release_open_verified,release_gripper_before,release_gripper_after,cycle_completed,observed_success,full_cycle_success,cycle_time_seconds,failure_reason,source_json
YOLO,1,L1_lower_left,1,2026-08-19T01:22:24,2026-08-19T01:24:48,251.131,298.98,253.952,299.728,2.919,251.131,266.052,253.952,266.849,2.932,P04_LEFT_MID / P08_BOTTOM_CENTER / P07_BOTTOM_LEFT,three_nearest_correction,1.8279,,default_dynamic_hold,True,60.5237,67.5901,65.7623,True,67.5901,71.6509,True,True,True,132.848,,D:\Projects\Autonomous_Robotic_Grasping\06_yolo\yolo_final_benchmark\location_1_lower_left\yolo_L1_trial_01.json
YOLO,1,L1_lower_left,2,2026-08-19T01:29:35,2026-08-19T01:32:02,256.777,300.357,253.952,299.728,2.894,256.777,267.69,253.952,266.849,2.947,P04_LEFT_MID / P05_CENTER / P08_BOTTOM_CENTER,three_nearest_correction,1.7244,,default_dynamic_hold,True,60.296,67.8937,66.1693,True,68.0076,71.6509,True,True,True,132.807,,D:\Projects\Autonomous_Robotic_Grasping\06_yolo\yolo_final_benchmark\location_1_lower_left\yolo_L1_trial_02.json
YOLO,1,L1_lower_left,3,2026-08-19T01:35:57,2026-08-19T01:38:27,248.946,300.17,253.952,299.728,5.026,248.946,267.541,253.952,266.849,5.054,P04_LEFT_MID / P08_BOTTOM_CENTER / P07_BOTTOM_LEFT,three_nearest_correction,1.8462,,default_dynamic_hold,True,59.5237,67.3245,65.4782,True,67.5142,71.6509,True,True,True,133.131,,D:\Projects\Autonomous_Robotic_Grasping\06_yolo\yolo_final_benchmark\location_1_lower_left\yolo_L1_trial_03.json
YOLO,1,L1_lower_left,4,2026-08-19T01:42:22,2026-08-19T01:45:07,258.956,299.403,253.952,299.728,5.014,258.956,266.112,253.952,266.849,5.057,P04_LEFT_MID / P05_CENTER / P08_BOTTOM_CENTER,three_nearest_correction,1.7098,,default_dynamic_hold,True,60.2581,67.7419,66.0322,True,67.7419,71.6509,True,True,True,132.884,,D:\Projects\Autonomous_Robotic_Grasping\06_yolo\yolo_final_benchmark\location_1_lower_left\yolo_L1_trial_04.json
YOLO,2,L2_upper_left,1,2026-08-19T01:50:17,2026-08-19T01:52:38,237.324,162.033,238.221,162.25,0.923,237.324,133.436,238.221,133.613,0.914,P01_UL / P05_CENTER / P04_LEFT_MID,three_nearest_correction,3.5,63.0,upper_mid_adaptive_stronger_hold,True,59.7135,67.4004,63.0,True,67.5522,71.6509,True,True,True,133.205,,D:\Projects\Autonomous_Robotic_Grasping\06_yolo\yolo_final_benchmark\location_2_upper_left\yolo_L2_trial_01.json
YOLO,2,L2_upper_left,2,2026-08-19T01:56:33,2026-08-19T01:59:07,238.423,161.541,238.221,162.25,0.737,238.423,132.836,238.221,133.613,0.803,P01_UL / P05_CENTER / P04_LEFT_MID,three_nearest_correction,3.5,63.0,upper_mid_adaptive_stronger_hold,True,59.7135,67.3245,63.0,True,67.3624,71.6509,True,True,True,133.142,,D:\Projects\Autonomous_Robotic_Grasping\06_yolo\yolo_final_benchmark\location_2_upper_left\yolo_L2_trial_02.json
YOLO,2,L2_upper_left,3,2026-08-19T02:02:42,2026-08-19T02:05:27,238.931,162.412,238.221,162.25,0.728,238.931,133.707,238.221,133.613,0.716,P01_UL / P05_CENTER / P04_LEFT_MID,three_nearest_correction,3.5,63.0,upper_mid_adaptive_stronger_hold,True,59.8653,67.1727,63.0,True,67.3245,71.6509,True,True,True,133.082,,D:\Projects\Autonomous_Robotic_Grasping\06_yolo\yolo_final_benchmark\location_2_upper_left\yolo_L2_trial_03.json
YOLO,2,L2_upper_left,4,2026-08-19T02:09:36,2026-08-19T02:11:58,238.206,163.014,238.221,162.25,0.764,238.206,134.474,238.221,133.613,0.861,P01_UL / P05_CENTER / P04_LEFT_MID,three_nearest_correction,3.5,63.0,upper_mid_adaptive_stronger_hold,True,60.7894,67.2106,63.0,True,67.2865,71.6129,True,True,True,132.744,,D:\Projects\Autonomous_Robotic_Grasping\06_yolo\yolo_final_benchmark\location_2_upper_left\yolo_L2_trial_04.json
YOLO,3,L3_center,1,2026-08-19T02:16:27,2026-08-19T02:18:52,325.013,220.196,323.857,220.517,1.2,325.013,189.67,323.857,190.043,1.215,P01_UL / P02_TOP_MID_LEFT / P05_CENTER,three_nearest_correction,1.2616,,default_dynamic_hold,True,59.093,66.7552,65.4936,True,66.7552,71.6509,True,True,True,133.198,,D:\Projects\Autonomous_Robotic_Grasping\06_yolo\yolo_final_benchmark\location_3_center\yolo_L3_trial_01.json
YOLO,3,L3_center,2,2026-08-19T02:22:08,2026-08-19T02:25:02,323.593,222.01,323.857,220.517,1.517,323.593,191.656,323.857,190.043,1.634,P01_UL / P02_TOP_MID_LEFT / P05_CENTER,three_nearest_correction,1.2661,,default_dynamic_hold,True,59.093,66.7932,65.5271,True,66.8311,71.6509,True,True,True,133.278,,D:\Projects\Autonomous_Robotic_Grasping\06_yolo\yolo_final_benchmark\location_3_center\yolo_L3_trial_02.json
YOLO,3,L3_center,3,2026-08-19T02:28:13,2026-08-19T02:30:59,323.097,219.518,323.857,220.517,1.255,323.097,188.965,323.857,190.043,1.319,P01_UL / P02_TOP_MID_LEFT / P05_CENTER,three_nearest_correction,1.2729,,default_dynamic_hold,True,54.9412,66.7932,65.5202,True,66.7932,71.6509,True,True,True,134.329,,D:\Projects\Autonomous_Robotic_Grasping\06_yolo\yolo_final_benchmark\location_3_center\yolo_L3_trial_03.json
YOLO,3,L3_center,4,2026-08-19T02:34:46,2026-08-19T02:37:12,323.724,220.342,323.857,220.517,0.219,323.724,189.883,323.857,190.043,0.208,P01_UL / P02_TOP_MID_LEFT / P05_CENTER,three_nearest_correction,1.268,,default_dynamic_hold,True,58.1689,66.6793,65.4113,True,66.7552,71.6509,True,True,True,133.536,,D:\Projects\Autonomous_Robotic_Grasping\06_yolo\yolo_final_benchmark\location_3_center\yolo_L3_trial_04.json
YOLO,4,L4_upper_right,1,2026-08-19T02:41:42,2026-08-19T02:44:26,429.213,164.648,430.393,163.691,1.519,429.213,136.646,430.393,135.684,1.522,P02_TOP_MID_LEFT / P03_TOP_RIGHT / P06_RIGHT_MID,three_nearest_correction,1.3639,,default_dynamic_hold,True,53.7135,61.0626,59.6987,True,61.1006,71.6509,True,True,True,134.459,,D:\Projects\Autonomous_Robotic_Grasping\06_yolo\yolo_final_benchmark\location_4_upper_right\yolo_L4_trial_01.json
YOLO,4,L4_upper_right,2,2026-08-19T02:47:41,2026-08-19T02:50:11,430.417,163.415,430.393,163.691,0.278,430.417,135.504,430.393,135.684,0.182,P02_TOP_MID_LEFT / P03_TOP_RIGHT / P06_RIGHT_MID,three_nearest_correction,1.3665,,default_dynamic_hold,True,53.4858,61.1385,59.772,True,61.2144,71.6509,True,True,True,134.35,,D:\Projects\Autonomous_Robotic_Grasping\06_yolo\yolo_final_benchmark\location_4_upper_right\yolo_L4_trial_02.json
YOLO,4,L4_upper_right,3,2026-08-19T02:53:26,2026-08-19T02:55:46,431.217,163.368,430.393,163.691,0.885,431.217,135.229,430.393,135.684,0.941,P02_TOP_MID_LEFT / P03_TOP_RIGHT / P06_RIGHT_MID,three_nearest_correction,1.3672,,default_dynamic_hold,True,55.6376,61.0247,59.6574,True,61.1765,71.6509,True,True,True,133.951,,D:\Projects\Autonomous_Robotic_Grasping\06_yolo\yolo_final_benchmark\location_4_upper_right\yolo_L4_trial_03.json
YOLO,4,L4_upper_right,4,2026-08-19T02:58:38,2026-08-19T03:01:00,430.725,163.335,430.393,163.691,0.487,430.725,135.357,430.393,135.684,0.466,P02_TOP_MID_LEFT / P03_TOP_RIGHT / P06_RIGHT_MID,three_nearest_correction,1.3669,,default_dynamic_hold,True,53.6376,61.0247,59.6578,True,61.0247,71.6509,True,True,True,134.551,,D:\Projects\Autonomous_Robotic_Grasping\06_yolo\yolo_final_benchmark\location_4_upper_right\yolo_L4_trial_04.json
YOLO,5,L5_lower_right,1,2026-08-19T03:05:21,2026-08-19T03:07:44,409.412,315.861,408.2,316.289,1.286,409.412,282.021,408.2,282.416,1.275,P05_CENTER / P09_BOTTOM_RIGHT / P08_BOTTOM_CENTER,right_pairwise_linear,1.2,62.5,right_pairwise_hold_cap,True,54.8406,66.3757,62.5,True,66.3757,71.6509,True,True,True,133.831,,D:\Projects\Autonomous_Robotic_Grasping\06_yolo\yolo_final_benchmark\location_5_lower_right\yolo_L5_trial_01.json
YOLO,5,L5_lower_right,2,2026-08-19T03:10:04,2026-08-19T03:12:33,406.678,316.55,408.2,316.289,1.544,406.678,282.675,408.2,282.416,1.544,P05_CENTER / P09_BOTTOM_RIGHT / P08_BOTTOM_CENTER,right_pairwise_linear,1.2,62.5,right_pairwise_hold_cap,True,58.8406,66.2998,62.5,True,66.3378,71.6509,True,True,True,132.868,,D:\Projects\Autonomous_Robotic_Grasping\06_yolo\yolo_final_benchmark\location_5_lower_right\yolo_L5_trial_02.json
YOLO,5,L5_lower_right,3,2026-08-19T03:16:19,2026-08-19T03:18:45,408.542,316.294,408.2,316.289,0.342,408.542,282.436,408.2,282.416,0.343,P05_CENTER / P09_BOTTOM_RIGHT / P08_BOTTOM_CENTER,right_pairwise_linear,1.2,62.5,right_pairwise_hold_cap,True,58.6129,66.3757,62.5,True,66.3757,71.6509,True,True,True,132.917,,D:\Projects\Autonomous_Robotic_Grasping\06_yolo\yolo_final_benchmark\location_5_lower_right\yolo_L5_trial_03.json
YOLO,5,L5_lower_right,4,2026-08-19T03:21:43,2026-08-19T03:24:03,408.167,316.452,408.2,316.289,0.166,408.167,282.53,408.2,282.416,0.119,P05_CENTER / P09_BOTTOM_RIGHT / P08_BOTTOM_CENTER,right_pairwise_linear,1.2,62.5,right_pairwise_hold_cap,True,58.8406,66.148,62.5,True,66.2239,71.6509,True,True,True,132.722,,D:\Projects\Autonomous_Robotic_Grasping\06_yolo\yolo_final_benchmark\location_5_lower_right\yolo_L5_trial_04.json
