method,location_number,location_name,repetition,timestamp_start,grip_contact_accepted,release_open_verified,cycle_completed,observed_success,harmonized_full_cycle_success,cycle_time_seconds,primary_localization_type,primary_x_px,primary_y_px,primary_empirical_nominal_x_px,primary_empirical_nominal_y_px,primary_distance_from_empirical_nominal_px,secondary_localization_type,secondary_x_px,secondary_y_px,secondary_empirical_nominal_x_px,secondary_empirical_nominal_y_px,secondary_distance_from_empirical_nominal_px,source_summary_csv,source_record_reference
ArUco,1,L1_lower_left,1,2026-08-17T22:45:41,True,True,True,True,True,133.086,ArUco marker center,250.25,270.5,250.75,271.812,1.405,,,,,,,D:\Projects\Autonomous_Robotic_Grasping\06_pixel_to_robot\aruco_final_benchmark_v3\summary\aruco_final_benchmark_v3_trials.csv,D:\Projects\Autonomous_Robotic_Grasping\06_pixel_to_robot\aruco_final_benchmark_v3\location_1_lower_left\aruco_trial_20260817_224838.json
ArUco,1,L1_lower_left,2,2026-08-17T22:51:30,True,True,True,True,True,132.82,ArUco marker center,252.0,272.25,250.75,271.812,1.324,,,,,,,D:\Projects\Autonomous_Robotic_Grasping\06_pixel_to_robot\aruco_final_benchmark_v3\summary\aruco_final_benchmark_v3_trials.csv,D:\Projects\Autonomous_Robotic_Grasping\06_pixel_to_robot\aruco_final_benchmark_v3\location_1_lower_left\aruco_trial_20260817_225359.json
ArUco,1,L1_lower_left,3,2026-08-17T22:56:35,True,True,True,True,True,133.236,ArUco marker center,251.5,272.5,250.75,271.812,1.017,,,,,,,D:\Projects\Autonomous_Robotic_Grasping\06_pixel_to_robot\aruco_final_benchmark_v3\summary\aruco_final_benchmark_v3_trials.csv,D:\Projects\Autonomous_Robotic_Grasping\06_pixel_to_robot\aruco_final_benchmark_v3\location_1_lower_left\aruco_trial_20260817_225902.json
ArUco,1,L1_lower_left,4,2026-08-17T23:02:04,True,True,True,True,True,132.599,ArUco marker center,249.25,272.0,250.75,271.812,1.512,,,,,,,D:\Projects\Autonomous_Robotic_Grasping\06_pixel_to_robot\aruco_final_benchmark_v3\summary\aruco_final_benchmark_v3_trials.csv,D:\Projects\Autonomous_Robotic_Grasping\06_pixel_to_robot\aruco_final_benchmark_v3\location_1_lower_left\aruco_trial_20260817_230428.json
ArUco,2,L2_upper_left,1,2026-08-17T21:55:17,True,True,True,True,True,133.393,ArUco marker center,236.5,134.5,236.75,134.438,0.258,,,,,,,D:\Projects\Autonomous_Robotic_Grasping\06_pixel_to_robot\aruco_final_benchmark_v3\summary\aruco_final_benchmark_v3_trials.csv,D:\Projects\Autonomous_Robotic_Grasping\06_pixel_to_robot\aruco_final_benchmark_v3\location_2_upper_left\aruco_trial_20260817_221847.json
ArUco,2,L2_upper_left,2,2026-08-17T22:26:33,True,True,True,True,True,133.077,ArUco marker center,236.5,134.75,236.75,134.438,0.4,,,,,,,D:\Projects\Autonomous_Robotic_Grasping\06_pixel_to_robot\aruco_final_benchmark_v3\summary\aruco_final_benchmark_v3_trials.csv,D:\Projects\Autonomous_Robotic_Grasping\06_pixel_to_robot\aruco_final_benchmark_v3\location_2_upper_left\aruco_trial_20260817_222855.json
ArUco,2,L2_upper_left,3,2026-08-17T22:33:03,True,True,True,True,True,133.379,ArUco marker center,237.0,134.0,236.75,134.438,0.504,,,,,,,D:\Projects\Autonomous_Robotic_Grasping\06_pixel_to_robot\aruco_final_benchmark_v3\summary\aruco_final_benchmark_v3_trials.csv,D:\Projects\Autonomous_Robotic_Grasping\06_pixel_to_robot\aruco_final_benchmark_v3\location_2_upper_left\aruco_trial_20260817_223540.json
ArUco,2,L2_upper_left,4,2026-08-17T22:38:25,True,True,True,True,True,132.862,ArUco marker center,237.0,134.5,236.75,134.438,0.258,,,,,,,D:\Projects\Autonomous_Robotic_Grasping\06_pixel_to_robot\aruco_final_benchmark_v3\summary\aruco_final_benchmark_v3_trials.csv,D:\Projects\Autonomous_Robotic_Grasping\06_pixel_to_robot\aruco_final_benchmark_v3\location_2_upper_left\aruco_trial_20260817_224118.json
ArUco,3,L3_center,1,2026-08-17T23:11:36,True,True,True,True,True,133.358,ArUco marker center,322.5,194.5,321.812,194.188,0.755,,,,,,,D:\Projects\Autonomous_Robotic_Grasping\06_pixel_to_robot\aruco_final_benchmark_v3\summary\aruco_final_benchmark_v3_trials.csv,D:\Projects\Autonomous_Robotic_Grasping\06_pixel_to_robot\aruco_final_benchmark_v3\location_3_center\aruco_trial_20260817_231446.json
ArUco,3,L3_center,2,2026-08-17T23:17:57,True,True,True,True,True,133.166,ArUco marker center,321.5,194.25,321.812,194.188,0.319,,,,,,,D:\Projects\Autonomous_Robotic_Grasping\06_pixel_to_robot\aruco_final_benchmark_v3\summary\aruco_final_benchmark_v3_trials.csv,D:\Projects\Autonomous_Robotic_Grasping\06_pixel_to_robot\aruco_final_benchmark_v3\location_3_center\aruco_trial_20260817_232022.json
ArUco,3,L3_center,3,2026-08-17T23:23:12,True,True,True,True,True,133.316,ArUco marker center,320.75,193.5,321.812,194.188,1.266,,,,,,,D:\Projects\Autonomous_Robotic_Grasping\06_pixel_to_robot\aruco_final_benchmark_v3\summary\aruco_final_benchmark_v3_trials.csv,D:\Projects\Autonomous_Robotic_Grasping\06_pixel_to_robot\aruco_final_benchmark_v3\location_3_center\aruco_trial_20260817_232549.json
ArUco,3,L3_center,4,2026-08-17T23:28:39,True,True,True,True,True,133.052,ArUco marker center,322.5,194.5,321.812,194.188,0.755,,,,,,,D:\Projects\Autonomous_Robotic_Grasping\06_pixel_to_robot\aruco_final_benchmark_v3\summary\aruco_final_benchmark_v3_trials.csv,D:\Projects\Autonomous_Robotic_Grasping\06_pixel_to_robot\aruco_final_benchmark_v3\location_3_center\aruco_trial_20260817_233150.json
ArUco,4,L4_upper_right,1,2026-08-17T23:40:19,True,True,True,True,True,135.402,ArUco marker center,428.25,134.5,427.5,134.938,0.868,,,,,,,D:\Projects\Autonomous_Robotic_Grasping\06_pixel_to_robot\aruco_final_benchmark_v3\summary\aruco_final_benchmark_v3_trials.csv,D:\Projects\Autonomous_Robotic_Grasping\06_pixel_to_robot\aruco_final_benchmark_v3\location_4_upper_right\aruco_trial_20260817_234250.json
ArUco,4,L4_upper_right,2,2026-08-17T23:45:52,True,True,True,True,True,134.066,ArUco marker center,428.0,134.5,427.5,134.938,0.664,,,,,,,D:\Projects\Autonomous_Robotic_Grasping\06_pixel_to_robot\aruco_final_benchmark_v3\summary\aruco_final_benchmark_v3_trials.csv,D:\Projects\Autonomous_Robotic_Grasping\06_pixel_to_robot\aruco_final_benchmark_v3\location_4_upper_right\aruco_trial_20260817_234825.json
ArUco,4,L4_upper_right,3,2026-08-17T23:51:53,True,True,True,True,True,135.346,ArUco marker center,430.0,134.5,427.5,134.938,2.538,,,,,,,D:\Projects\Autonomous_Robotic_Grasping\06_pixel_to_robot\aruco_final_benchmark_v3\summary\aruco_final_benchmark_v3_trials.csv,D:\Projects\Autonomous_Robotic_Grasping\06_pixel_to_robot\aruco_final_benchmark_v3\location_4_upper_right\aruco_trial_20260817_235452.json
ArUco,4,L4_upper_right,4,2026-08-17T23:59:38,True,True,True,True,True,134.062,ArUco marker center,423.75,136.25,427.5,134.938,3.973,,,,,,,D:\Projects\Autonomous_Robotic_Grasping\06_pixel_to_robot\aruco_final_benchmark_v3\summary\aruco_final_benchmark_v3_trials.csv,D:\Projects\Autonomous_Robotic_Grasping\06_pixel_to_robot\aruco_final_benchmark_v3\location_4_upper_right\aruco_trial_20260818_000219.json
ArUco,5,L5_lower_right,1,2026-08-18T00:07:09,True,True,True,True,True,133.021,ArUco marker center,411.25,290.75,411.812,290.125,0.841,,,,,,,D:\Projects\Autonomous_Robotic_Grasping\06_pixel_to_robot\aruco_final_benchmark_v3\summary\aruco_final_benchmark_v3_trials.csv,D:\Projects\Autonomous_Robotic_Grasping\06_pixel_to_robot\aruco_final_benchmark_v3\location_5_lower_right\aruco_trial_20260818_000932.json
ArUco,5,L5_lower_right,2,2026-08-18T00:14:02,True,True,True,True,True,133.024,ArUco marker center,408.75,290.0,411.812,290.125,3.065,,,,,,,D:\Projects\Autonomous_Robotic_Grasping\06_pixel_to_robot\aruco_final_benchmark_v3\summary\aruco_final_benchmark_v3_trials.csv,D:\Projects\Autonomous_Robotic_Grasping\06_pixel_to_robot\aruco_final_benchmark_v3\location_5_lower_right\aruco_trial_20260818_001623.json
ArUco,5,L5_lower_right,3,2026-08-18T00:19:02,True,True,True,True,True,133.693,ArUco marker center,412.5,290.0,411.812,290.125,0.699,,,,,,,D:\Projects\Autonomous_Robotic_Grasping\06_pixel_to_robot\aruco_final_benchmark_v3\summary\aruco_final_benchmark_v3_trials.csv,D:\Projects\Autonomous_Robotic_Grasping\06_pixel_to_robot\aruco_final_benchmark_v3\location_5_lower_right\aruco_trial_20260818_002148.json
ArUco,5,L5_lower_right,4,2026-08-18T00:25:20,True,True,True,True,True,133.824,ArUco marker center,414.75,289.75,411.812,290.125,2.961,,,,,,,D:\Projects\Autonomous_Robotic_Grasping\06_pixel_to_robot\aruco_final_benchmark_v3\summary\aruco_final_benchmark_v3_trials.csv,D:\Projects\Autonomous_Robotic_Grasping\06_pixel_to_robot\aruco_final_benchmark_v3\location_5_lower_right\aruco_trial_20260818_002803.json
YOLO,1,L1_lower_left,1,2026-08-19T01:22:24,True,True,True,True,True,132.848,YOLO bbox center,251.131,298.98,253.952,299.728,2.919,YOLO upper-quarter grasp point,251.131,266.052,253.952,266.849,2.932,D:\Projects\Autonomous_Robotic_Grasping\06_yolo\yolo_final_benchmark\summary\yolo_final_benchmark_trials.csv,D:\Projects\Autonomous_Robotic_Grasping\06_yolo\yolo_final_benchmark\location_1_lower_left\yolo_L1_trial_01.json
YOLO,1,L1_lower_left,2,2026-08-19T01:29:35,True,True,True,True,True,132.807,YOLO bbox center,256.777,300.357,253.952,299.728,2.894,YOLO upper-quarter grasp point,256.777,267.69,253.952,266.849,2.947,D:\Projects\Autonomous_Robotic_Grasping\06_yolo\yolo_final_benchmark\summary\yolo_final_benchmark_trials.csv,D:\Projects\Autonomous_Robotic_Grasping\06_yolo\yolo_final_benchmark\location_1_lower_left\yolo_L1_trial_02.json
YOLO,1,L1_lower_left,3,2026-08-19T01:35:57,True,True,True,True,True,133.131,YOLO bbox center,248.946,300.17,253.952,299.728,5.026,YOLO upper-quarter grasp point,248.946,267.541,253.952,266.849,5.054,D:\Projects\Autonomous_Robotic_Grasping\06_yolo\yolo_final_benchmark\summary\yolo_final_benchmark_trials.csv,D:\Projects\Autonomous_Robotic_Grasping\06_yolo\yolo_final_benchmark\location_1_lower_left\yolo_L1_trial_03.json
YOLO,1,L1_lower_left,4,2026-08-19T01:42:22,True,True,True,True,True,132.884,YOLO bbox center,258.956,299.403,253.952,299.728,5.014,YOLO upper-quarter grasp point,258.956,266.112,253.952,266.849,5.057,D:\Projects\Autonomous_Robotic_Grasping\06_yolo\yolo_final_benchmark\summary\yolo_final_benchmark_trials.csv,D:\Projects\Autonomous_Robotic_Grasping\06_yolo\yolo_final_benchmark\location_1_lower_left\yolo_L1_trial_04.json
YOLO,2,L2_upper_left,1,2026-08-19T01:50:17,True,True,True,True,True,133.205,YOLO bbox center,237.324,162.033,238.221,162.25,0.923,YOLO upper-quarter grasp point,237.324,133.436,238.221,133.613,0.914,D:\Projects\Autonomous_Robotic_Grasping\06_yolo\yolo_final_benchmark\summary\yolo_final_benchmark_trials.csv,D:\Projects\Autonomous_Robotic_Grasping\06_yolo\yolo_final_benchmark\location_2_upper_left\yolo_L2_trial_01.json
YOLO,2,L2_upper_left,2,2026-08-19T01:56:33,True,True,True,True,True,133.142,YOLO bbox center,238.423,161.541,238.221,162.25,0.737,YOLO upper-quarter grasp point,238.423,132.836,238.221,133.613,0.803,D:\Projects\Autonomous_Robotic_Grasping\06_yolo\yolo_final_benchmark\summary\yolo_final_benchmark_trials.csv,D:\Projects\Autonomous_Robotic_Grasping\06_yolo\yolo_final_benchmark\location_2_upper_left\yolo_L2_trial_02.json
YOLO,2,L2_upper_left,3,2026-08-19T02:02:42,True,True,True,True,True,133.082,YOLO bbox center,238.931,162.412,238.221,162.25,0.728,YOLO upper-quarter grasp point,238.931,133.707,238.221,133.613,0.716,D:\Projects\Autonomous_Robotic_Grasping\06_yolo\yolo_final_benchmark\summary\yolo_final_benchmark_trials.csv,D:\Projects\Autonomous_Robotic_Grasping\06_yolo\yolo_final_benchmark\location_2_upper_left\yolo_L2_trial_03.json
YOLO,2,L2_upper_left,4,2026-08-19T02:09:36,True,True,True,True,True,132.744,YOLO bbox center,238.206,163.014,238.221,162.25,0.764,YOLO upper-quarter grasp point,238.206,134.474,238.221,133.613,0.861,D:\Projects\Autonomous_Robotic_Grasping\06_yolo\yolo_final_benchmark\summary\yolo_final_benchmark_trials.csv,D:\Projects\Autonomous_Robotic_Grasping\06_yolo\yolo_final_benchmark\location_2_upper_left\yolo_L2_trial_04.json
YOLO,3,L3_center,1,2026-08-19T02:16:27,True,True,True,True,True,133.198,YOLO bbox center,325.013,220.196,323.857,220.517,1.2,YOLO upper-quarter grasp point,325.013,189.67,323.857,190.043,1.215,D:\Projects\Autonomous_Robotic_Grasping\06_yolo\yolo_final_benchmark\summary\yolo_final_benchmark_trials.csv,D:\Projects\Autonomous_Robotic_Grasping\06_yolo\yolo_final_benchmark\location_3_center\yolo_L3_trial_01.json
YOLO,3,L3_center,2,2026-08-19T02:22:08,True,True,True,True,True,133.278,YOLO bbox center,323.593,222.01,323.857,220.517,1.517,YOLO upper-quarter grasp point,323.593,191.656,323.857,190.043,1.634,D:\Projects\Autonomous_Robotic_Grasping\06_yolo\yolo_final_benchmark\summary\yolo_final_benchmark_trials.csv,D:\Projects\Autonomous_Robotic_Grasping\06_yolo\yolo_final_benchmark\location_3_center\yolo_L3_trial_02.json
YOLO,3,L3_center,3,2026-08-19T02:28:13,True,True,True,True,True,134.329,YOLO bbox center,323.097,219.518,323.857,220.517,1.255,YOLO upper-quarter grasp point,323.097,188.965,323.857,190.043,1.319,D:\Projects\Autonomous_Robotic_Grasping\06_yolo\yolo_final_benchmark\summary\yolo_final_benchmark_trials.csv,D:\Projects\Autonomous_Robotic_Grasping\06_yolo\yolo_final_benchmark\location_3_center\yolo_L3_trial_03.json
YOLO,3,L3_center,4,2026-08-19T02:34:46,True,True,True,True,True,133.536,YOLO bbox center,323.724,220.342,323.857,220.517,0.219,YOLO upper-quarter grasp point,323.724,189.883,323.857,190.043,0.208,D:\Projects\Autonomous_Robotic_Grasping\06_yolo\yolo_final_benchmark\summary\yolo_final_benchmark_trials.csv,D:\Projects\Autonomous_Robotic_Grasping\06_yolo\yolo_final_benchmark\location_3_center\yolo_L3_trial_04.json
YOLO,4,L4_upper_right,1,2026-08-19T02:41:42,True,True,True,True,True,134.459,YOLO bbox center,429.213,164.648,430.393,163.691,1.519,YOLO upper-quarter grasp point,429.213,136.646,430.393,135.684,1.522,D:\Projects\Autonomous_Robotic_Grasping\06_yolo\yolo_final_benchmark\summary\yolo_final_benchmark_trials.csv,D:\Projects\Autonomous_Robotic_Grasping\06_yolo\yolo_final_benchmark\location_4_upper_right\yolo_L4_trial_01.json
YOLO,4,L4_upper_right,2,2026-08-19T02:47:41,True,True,True,True,True,134.35,YOLO bbox center,430.417,163.415,430.393,163.691,0.278,YOLO upper-quarter grasp point,430.417,135.504,430.393,135.684,0.182,D:\Projects\Autonomous_Robotic_Grasping\06_yolo\yolo_final_benchmark\summary\yolo_final_benchmark_trials.csv,D:\Projects\Autonomous_Robotic_Grasping\06_yolo\yolo_final_benchmark\location_4_upper_right\yolo_L4_trial_02.json
YOLO,4,L4_upper_right,3,2026-08-19T02:53:26,True,True,True,True,True,133.951,YOLO bbox center,431.217,163.368,430.393,163.691,0.885,YOLO upper-quarter grasp point,431.217,135.229,430.393,135.684,0.941,D:\Projects\Autonomous_Robotic_Grasping\06_yolo\yolo_final_benchmark\summary\yolo_final_benchmark_trials.csv,D:\Projects\Autonomous_Robotic_Grasping\06_yolo\yolo_final_benchmark\location_4_upper_right\yolo_L4_trial_03.json
YOLO,4,L4_upper_right,4,2026-08-19T02:58:38,True,True,True,True,True,134.551,YOLO bbox center,430.725,163.335,430.393,163.691,0.487,YOLO upper-quarter grasp point,430.725,135.357,430.393,135.684,0.466,D:\Projects\Autonomous_Robotic_Grasping\06_yolo\yolo_final_benchmark\summary\yolo_final_benchmark_trials.csv,D:\Projects\Autonomous_Robotic_Grasping\06_yolo\yolo_final_benchmark\location_4_upper_right\yolo_L4_trial_04.json
YOLO,5,L5_lower_right,1,2026-08-19T03:05:21,True,True,True,True,True,133.831,YOLO bbox center,409.412,315.861,408.2,316.289,1.286,YOLO upper-quarter grasp point,409.412,282.021,408.2,282.416,1.275,D:\Projects\Autonomous_Robotic_Grasping\06_yolo\yolo_final_benchmark\summary\yolo_final_benchmark_trials.csv,D:\Projects\Autonomous_Robotic_Grasping\06_yolo\yolo_final_benchmark\location_5_lower_right\yolo_L5_trial_01.json
YOLO,5,L5_lower_right,2,2026-08-19T03:10:04,True,True,True,True,True,132.868,YOLO bbox center,406.678,316.55,408.2,316.289,1.544,YOLO upper-quarter grasp point,406.678,282.675,408.2,282.416,1.544,D:\Projects\Autonomous_Robotic_Grasping\06_yolo\yolo_final_benchmark\summary\yolo_final_benchmark_trials.csv,D:\Projects\Autonomous_Robotic_Grasping\06_yolo\yolo_final_benchmark\location_5_lower_right\yolo_L5_trial_02.json
YOLO,5,L5_lower_right,3,2026-08-19T03:16:19,True,True,True,True,True,132.917,YOLO bbox center,408.542,316.294,408.2,316.289,0.342,YOLO upper-quarter grasp point,408.542,282.436,408.2,282.416,0.343,D:\Projects\Autonomous_Robotic_Grasping\06_yolo\yolo_final_benchmark\summary\yolo_final_benchmark_trials.csv,D:\Projects\Autonomous_Robotic_Grasping\06_yolo\yolo_final_benchmark\location_5_lower_right\yolo_L5_trial_03.json
YOLO,5,L5_lower_right,4,2026-08-19T03:21:43,True,True,True,True,True,132.722,YOLO bbox center,408.167,316.452,408.2,316.289,0.166,YOLO upper-quarter grasp point,408.167,282.53,408.2,282.416,0.119,D:\Projects\Autonomous_Robotic_Grasping\06_yolo\yolo_final_benchmark\summary\yolo_final_benchmark_trials.csv,D:\Projects\Autonomous_Robotic_Grasping\06_yolo\yolo_final_benchmark\location_5_lower_right\yolo_L5_trial_04.json
