timestamp_start,timestamp_end,benchmark_location,center_x_px,center_y_px,nominal_x_px,nominal_y_px,center_error_px,triangle_ids,grip_contact_accepted,grip_actual_position,grip_hold_command,release_open_verified,cycle_completed,observed_success,full_cycle_success,cycle_time_seconds,failure_reason,json_path
2026-08-17T22:45:41,2026-08-17T22:48:38,L1_lower_left,250.25,270.5,247.8,271.0,2.5,P04_LEFT_MID / P08_BOTTOM_CENTER / P07_BOTTOM_LEFT,True,66.3378,64.5418,True,True,True,True,133.086,,D:\Projects\Autonomous_Robotic_Grasping\06_pixel_to_robot\aruco_final_benchmark_v3\location_1_lower_left\aruco_trial_20260817_224838.json
2026-08-17T22:51:30,2026-08-17T22:53:59,L1_lower_left,252.0,272.25,247.8,271.0,4.382,P04_LEFT_MID / P08_BOTTOM_CENTER / P07_BOTTOM_LEFT,True,66.3378,64.5873,True,True,True,True,132.82,,D:\Projects\Autonomous_Robotic_Grasping\06_pixel_to_robot\aruco_final_benchmark_v3\location_1_lower_left\aruco_trial_20260817_225359.json
2026-08-17T22:56:35,2026-08-17T22:59:02,L1_lower_left,251.5,272.5,247.8,271.0,3.992,P04_LEFT_MID / P08_BOTTOM_CENTER / P07_BOTTOM_LEFT,True,66.3378,64.5818,True,True,True,True,133.236,,D:\Projects\Autonomous_Robotic_Grasping\06_pixel_to_robot\aruco_final_benchmark_v3\location_1_lower_left\aruco_trial_20260817_225902.json
2026-08-17T23:02:04,2026-08-17T23:04:28,L1_lower_left,249.25,272.0,247.8,271.0,1.761,P04_LEFT_MID / P08_BOTTOM_CENTER / P07_BOTTOM_LEFT,True,67.2865,65.4896,True,True,True,True,132.599,,D:\Projects\Autonomous_Robotic_Grasping\06_pixel_to_robot\aruco_final_benchmark_v3\location_1_lower_left\aruco_trial_20260817_230428.json
2026-08-17T21:55:17,2026-08-17T22:18:47,L2_upper_left,236.5,134.5,237.0,134.5,0.5,P01_UL / P05_CENTER / P04_LEFT_MID,True,66.2239,62.7239,True,True,True,True,133.393,,D:\Projects\Autonomous_Robotic_Grasping\06_pixel_to_robot\aruco_final_benchmark_v3\location_2_upper_left\aruco_trial_20260817_221847.json
2026-08-17T22:26:33,2026-08-17T22:28:55,L2_upper_left,236.5,134.75,237.0,134.5,0.559,P01_UL / P05_CENTER / P04_LEFT_MID,True,66.4516,62.9516,True,True,True,True,133.077,,D:\Projects\Autonomous_Robotic_Grasping\06_pixel_to_robot\aruco_final_benchmark_v3\location_2_upper_left\aruco_trial_20260817_222855.json
2026-08-17T22:33:03,2026-08-17T22:35:40,L2_upper_left,237.0,134.0,237.0,134.5,0.5,P01_UL / P05_CENTER / P04_LEFT_MID,True,66.3378,62.8378,True,True,True,True,133.379,,D:\Projects\Autonomous_Robotic_Grasping\06_pixel_to_robot\aruco_final_benchmark_v3\location_2_upper_left\aruco_trial_20260817_223540.json
2026-08-17T22:38:25,2026-08-17T22:41:18,L2_upper_left,237.0,134.5,237.0,134.5,0.0,P01_UL / P05_CENTER / P04_LEFT_MID,True,66.3757,62.8757,True,True,True,True,132.862,,D:\Projects\Autonomous_Robotic_Grasping\06_pixel_to_robot\aruco_final_benchmark_v3\location_2_upper_left\aruco_trial_20260817_224118.json
2026-08-17T23:11:36,2026-08-17T23:14:46,L3_center,322.5,194.5,326.2,195.5,3.833,P01_UL / P02_TOP_MID_LEFT / P05_CENTER,True,65.4649,64.196,True,True,True,True,133.358,,D:\Projects\Autonomous_Robotic_Grasping\06_pixel_to_robot\aruco_final_benchmark_v3\location_3_center\aruco_trial_20260817_231446.json
2026-08-17T23:17:57,2026-08-17T23:20:22,L3_center,321.5,194.25,326.2,195.5,4.863,P01_UL / P02_TOP_MID_LEFT / P05_CENTER,True,65.8444,64.5698,True,True,True,True,133.166,,D:\Projects\Autonomous_Robotic_Grasping\06_pixel_to_robot\aruco_final_benchmark_v3\location_3_center\aruco_trial_20260817_232022.json
2026-08-17T23:23:12,2026-08-17T23:25:49,L3_center,320.75,193.5,326.2,195.5,5.805,P01_UL / P02_TOP_MID_LEFT / P05_CENTER,True,65.8065,64.5267,True,True,True,True,133.316,,D:\Projects\Autonomous_Robotic_Grasping\06_pixel_to_robot\aruco_final_benchmark_v3\location_3_center\aruco_trial_20260817_232549.json
2026-08-17T23:28:39,2026-08-17T23:31:50,L3_center,322.5,194.5,326.2,195.5,3.833,P01_UL / P02_TOP_MID_LEFT / P05_CENTER,True,67.1727,65.9038,True,True,True,True,133.052,,D:\Projects\Autonomous_Robotic_Grasping\06_pixel_to_robot\aruco_final_benchmark_v3\location_3_center\aruco_trial_20260817_233150.json
2026-08-17T23:40:19,2026-08-17T23:42:50,L4_upper_right,428.25,134.5,428.2,134.5,0.05,P02_TOP_MID_LEFT / P03_TOP_RIGHT / P06_RIGHT_MID,True,61.2903,59.9221,True,True,True,True,135.402,,D:\Projects\Autonomous_Robotic_Grasping\06_pixel_to_robot\aruco_final_benchmark_v3\location_4_upper_right\aruco_trial_20260817_234250.json
2026-08-17T23:45:52,2026-08-17T23:48:25,L4_upper_right,428.0,134.5,428.2,134.5,0.2,P02_TOP_MID_LEFT / P03_TOP_RIGHT / P06_RIGHT_MID,True,61.1765,59.8083,True,True,True,True,134.066,,D:\Projects\Autonomous_Robotic_Grasping\06_pixel_to_robot\aruco_final_benchmark_v3\location_4_upper_right\aruco_trial_20260817_234825.json
2026-08-17T23:51:53,2026-08-17T23:54:52,L4_upper_right,430.0,134.5,428.2,134.5,1.8,P02_TOP_MID_LEFT / P03_TOP_RIGHT / P06_RIGHT_MID,True,61.2144,59.8459,True,True,True,True,135.346,,D:\Projects\Autonomous_Robotic_Grasping\06_pixel_to_robot\aruco_final_benchmark_v3\location_4_upper_right\aruco_trial_20260817_235452.json
2026-08-17T23:59:38,2026-08-18T00:02:19,L4_upper_right,423.75,136.25,428.2,134.5,4.782,P02_TOP_MID_LEFT / P03_TOP_RIGHT / P06_RIGHT_MID,True,61.1385,59.775,True,True,True,True,134.062,,D:\Projects\Autonomous_Robotic_Grasping\06_pixel_to_robot\aruco_final_benchmark_v3\location_4_upper_right\aruco_trial_20260818_000219.json
2026-08-18T00:07:09,2026-08-18T00:09:32,L5_lower_right,411.25,290.75,411.2,290.8,0.071,P05_CENTER / P09_BOTTOM_RIGHT / P08_BOTTOM_CENTER,True,65.4649,62.5,True,True,True,True,133.021,,D:\Projects\Autonomous_Robotic_Grasping\06_pixel_to_robot\aruco_final_benchmark_v3\location_5_lower_right\aruco_trial_20260818_000932.json
2026-08-18T00:14:02,2026-08-18T00:16:23,L5_lower_right,408.75,290.0,411.2,290.8,2.577,P05_CENTER / P09_BOTTOM_RIGHT / P08_BOTTOM_CENTER,True,65.4649,62.5,True,True,True,True,133.024,,D:\Projects\Autonomous_Robotic_Grasping\06_pixel_to_robot\aruco_final_benchmark_v3\location_5_lower_right\aruco_trial_20260818_001623.json
2026-08-18T00:19:02,2026-08-18T00:21:48,L5_lower_right,412.5,290.0,411.2,290.8,1.526,P05_CENTER / P09_BOTTOM_RIGHT / P08_BOTTOM_CENTER,True,65.6546,62.5,True,True,True,True,133.693,,D:\Projects\Autonomous_Robotic_Grasping\06_pixel_to_robot\aruco_final_benchmark_v3\location_5_lower_right\aruco_trial_20260818_002148.json
2026-08-18T00:25:20,2026-08-18T00:28:03,L5_lower_right,414.75,289.75,411.2,290.8,3.702,P05_CENTER / P09_BOTTOM_RIGHT / P08_BOTTOM_CENTER,True,65.7306,62.5,True,True,True,True,133.824,,D:\Projects\Autonomous_Robotic_Grasping\06_pixel_to_robot\aruco_final_benchmark_v3\location_5_lower_right\aruco_trial_20260818_002803.json
